{
  "total_terms": 1742317,
  "total_tokens": 18019788,
  "fit": {
    "slope": -1.0331116122533675,
    "intercept": 14.833680717549235,
    "r2": 0.9930624877784461,
    "n": 100000
  }
}